"year","month","cod_interaguas","latitude_decimal","longitude_decimal","Alcalinidade Total","Alum√≠nio Dissolvido","Condutividade","Ferro Total","pH","Dureza","DBO (5, 20)","CTt"
2011,1,27,-23.1033333333333,-46.545,23,0.4,61,6,6.8,66,6,1300
2011,1,29,-22.9691666666667,-46.8477777777778,25,0.1,67,6,6.8,63,3,4500
2011,1,30,-22.9377777777778,-46.9336111111111,23,0.3,69,9,7,20,3,9400
2011,1,32,-22.9083333333333,-46.5436111111111,13,1,35,13,6.6,25,2,600
2011,1,34,-22.7466666666667,-46.8977777777778,15,3,46,20,6.9,33,2,1900
2011,1,35,-22.7122222222222,-46.9713888888889,16,3,48,16,6.9,33,2,18000
2011,1,37,-22.6988888888889,-47.1519444444444,20,7,60,33,6.7,69,2,22000
2011,1,38,-22.6622222222222,-47.2777777777778,20.67,0.5,69.2,14,7.4,20,5,6900
2011,1,40,-22.7025,-46.7494444444444,17,7,47,56,6.5,75,3,15000
2011,1,43,-22.7108333333333,-47.3227777777778,20.84,0.2,109,13,6.8,14,4,7800
2011,1,54,-22.6336111111111,-47.6827777777778,31.09,0.6,130,5,7,55,3,11000
2011,1,83,-22.905,-46.9738888888889,25,0.2,79,6,6.8,19,3,31000
2011,1,86,-22.7613888888889,-47.1766666666667,29,0.5,124,36,6.8,46,2,11000
2011,1,627,-22.6597222222222,-47.2758333333333,12.66,0.7,47.2,12,7.5,13,2,1600
2011,1,1946,-22.3247222222222,-47.5588888888889,18.71,0.5,53.5,17,6.8,39,2,5200
2011,2,66,-23.0061111111111,-47.1,65,0.6,195,3,7,148,5,6200
2011,2,71,-23.2083333333333,-46.7686111111111,25,1,88,10,6.6,18,4,76000
2011,2,1947,-23.1641666666667,-47.015,23,2,86,12,6.6,78,2,533
2011,5,35,-22.7122222222222,-46.9713888888889,18,0.2,87,1,7.1,81,2,11000
2011,6,66,-23.0061111111111,-47.1,61,0.1,240,2,7.2,168,8,201
2011,6,71,-23.2083333333333,-46.7686111111111,21,0.25,79,1.48,6.8,18.7,4,22000
2011,6,82,-23.1583333333333,-46.9094444444444,28,0.1,93,0.46,7,30.45,2,86
2011,6,274,-23.2619444444444,-47.0577777777778,11,0.64,40,0.64,6.5,12.59,2,440
2011,6,320,-23.1830555555556,-47.2438888888889,14,2.45,89,2.51,6.6,17.54,2,218
2011,6,1947,-23.1641666666667,-47.015,22,0.39,75,1.23,6.9,23.48,2,700
2011,7,27,-23.1033333333333,-46.545,13,0.14,50,0.757,6.7,10.7,2,460
2011,7,29,-22.9691666666667,-46.8477777777778,16,0.19,68,0.598,6.8,14.7,2,1160
2011,7,30,-22.9377777777778,-46.9336111111111,15,0.31,86,1.5,7.1,14.6,2,1080
2011,7,32,-22.9083333333333,-46.5436111111111,12,0.09,42,0.8,6.4,6,2,2200
2011,7,34,-22.7466666666667,-46.8977777777778,15,0.06,75,0.4,7.3,13,2,7800
2011,7,35,-22.7122222222222,-46.9713888888889,17,0.05,89,0.5,7.2,15,2,8600
2011,7,37,-22.6988888888889,-47.1519444444444,24,0.07,117,0.8,6.8,10,3,2600
2011,7,38,-22.6622222222222,-47.2777777777778,40.3,0.1,132,0.8,7.3,71,3,680000
2011,7,40,-22.7025,-46.7494444444444,18,0.17,74,0.856,6.9,16,7,3400
2011,7,43,-22.7108333333333,-47.3227777777778,40,0.05,180,0.361,6.6,21.3,5,400
2011,7,83,-22.905,-46.9738888888889,19,0.26,105,0.963,7,18,3,1900
2011,7,86,-22.7613888888889,-47.1766666666667,35,0.22,297,0.927,7.2,22.7,6,21000
2011,7,627,-22.6597222222222,-47.2758333333333,35.2,0.2,66.3,0.9,7.7,64,2,171
2011,7,1342,-22.4527777777778,-47.52,29.4,0.1,47.1,6,6.8,16,2,300
2011,7,1945,-22.4091666666667,-47.5402777777778,29.4,0.05,50.1,1,7.2,19,2,350
2011,8,66,-23.0061111111111,-47.1,84,0.1,307,11,7.3,93,13,25000
2011,8,71,-23.2083333333333,-46.7686111111111,25,0.1,93,2,7,34,4,46000
2011,8,82,-23.1583333333333,-46.9094444444444,28,0.07,91,2,7.4,45,2,20
2011,8,274,-23.2619444444444,-47.0577777777778,12,0.06,42,3,6.6,10,2,6200
2011,8,320,-23.1830555555556,-47.2438888888889,15,0.09,90,7,7.1,4,2,92
2011,8,1947,-23.1641666666667,-47.015,24,0.2,83,1,7.2,46,2,480
2011,11,27,-23.1033333333333,-46.545,13,0.9,51,1,6.6,12,2,223
2011,11,29,-22.9691666666667,-46.8477777777778,16,1,68,1,6.6,14,2,12000
2011,11,30,-22.9377777777778,-46.9336111111111,16,2,88,1,6.6,13,2,1300
2011,11,32,-22.9083333333333,-46.5436111111111,14,0.05,50,1,6.8,11,2,920
2011,11,34,-22.7466666666667,-46.8977777777778,14,2,65,2,6.9,14,2,3700
2011,11,35,-22.7122222222222,-46.9713888888889,14,2,74,2,6.8,16,2,14000
2011,11,37,-22.6988888888889,-47.1519444444444,18,2,92,2,6.7,18,4,2200
2011,11,38,-22.6622222222222,-47.2777777777778,21.6,0.5,93.1,2,7.2,24,3,6200
2011,11,43,-22.7108333333333,-47.3227777777778,27,0.2,209,1,6.9,21,4,1200
2011,11,48,-22.7122222222222,-47.6494444444444,22.7,5,139,38,6.6,70,19,44000
2011,11,54,-22.6336111111111,-47.6827777777778,21.6,0.3,119,6,7.2,60,5,26000
2011,11,83,-22.905,-46.9738888888889,24,1,145,2,6.7,73,4,4200
2011,11,86,-22.7613888888889,-47.1766666666667,29,2,270,10,7.2,93,13,110000
2011,11,627,-22.6597222222222,-47.2758333333333,20.5,1,65.9,3,6.9,16,2,200
2011,11,1342,-22.4527777777778,-47.52,20.5,0.02,56.7,1,6.3,43,2,154
2011,11,1945,-22.4091666666667,-47.5402777777778,19.42,0.1,62.5,2,7,31,2,320
2011,11,1946,-22.3247222222222,-47.5588888888889,19.4,0.2,59.1,3,6.9,34,2,2800
2011,12,66,-23.0061111111111,-47.1,46,1,175,3,7.4,53,5,3500
2011,12,71,-23.2083333333333,-46.7686111111111,28,0.4,98,2,6.9,27,2,42000
2011,12,82,-23.1583333333333,-46.9094444444444,19,0.57,81,3.07,6.9,25.5,16,204
2011,12,274,-23.2619444444444,-47.0577777777778,15,0.1,49,1.57,6.5,3.48,2,440
2011,12,320,-23.1830555555556,-47.2438888888889,18,0.1,97,2.05,6.7,24.1,2,244
2011,12,1947,-23.1641666666667,-47.015,26,0.4,81,1,6.9,39,2,2700
2012,1,27,-23.1033333333333,-46.545,16,0.8,55,4,7,16,2,2333.33333333333
2012,1,29,-22.9691666666667,-46.8477777777778,17,0.5,63,4,6.9,17,2,2500
2012,1,30,-22.9377777777778,-46.9336111111111,18,0.5,67,8,7.1,18,2,18333.3333333333
2012,1,32,-22.9083333333333,-46.5436111111111,13,0.1,77,2,6.7,13,3,8000
2012,1,34,-22.7466666666667,-46.8977777777778,14,0.4,67,2,7.4,16,3,9333.33333333333
2012,1,35,-22.7122222222222,-46.9713888888889,16,0.2,77,1,7.2,17,3,36666.6666666667
2012,1,37,-22.6988888888889,-47.1519444444444,18,0.2,87,3,7.1,51,4,5166.66666666667
2012,1,38,-22.6622222222222,-47.2777777777778,20.1,0.4,70,5,7,21,2,6333.33333333333
2012,1,40,-22.7025,-46.7494444444444,15,0.7,57,12,7.2,45,2,16666.6666666667
2012,1,43,-22.7108333333333,-47.3227777777778,27.5,0.3,122,4,6.9,61,3,4666.66666666667
2012,1,48,-22.7122222222222,-47.6494444444444,27.5,0.2,180,14,6.9,97,11,38333.3333333333
2012,1,54,-22.6336111111111,-47.6827777777778,30.8,0.4,123,13,7.1,92,4,38333.3333333333
2012,1,83,-22.905,-46.9738888888889,19,0.7,78,6,7.1,16,2,28333.3333333333
2012,1,86,-22.7613888888889,-47.1766666666667,18,0.4,97,18,7,19,2,38333.3333333333
2012,1,627,-22.6597222222222,-47.2758333333333,15.4,0.9,53.9,7,6.8,18,3,5666.66666666667
2012,1,1342,-22.4527777777778,-47.52,18.7,0.1,42.5,0.9,6.8,16,2,178.333333333333
2012,1,1945,-22.4091666666667,-47.5402777777778,23.1,0.5,59.6,3,7.2,29,2,900
2012,1,1946,-22.3247222222222,-47.5588888888889,24.2,0.4,64.2,37,6.8,5,2,14833.3333333333
2012,2,66,-23.0061111111111,-47.1,40,0.08,146,6,7.2,38,8,15000
2012,2,71,-23.2083333333333,-46.7686111111111,26,0.3,93,9,7.1,29,4,91666.6666666667
2012,2,82,-23.1583333333333,-46.9094444444444,29,0.1,89,2,7.1,31,2,86.6666666666667
2012,2,274,-23.2619444444444,-47.0577777777778,14,0.2,46,1,6.7,16,2,666.666666666667
2012,2,320,-23.1830555555556,-47.2438888888889,16,0.2,78,2,7,21,2,400
2012,2,1947,-23.1641666666667,-47.015,25,0.2,77,2,7.2,20,2,1833.33333333333
2012,5,27,-23.1033333333333,-46.545,16,0.2,57,1,6.8,15,2,950
2012,5,29,-22.9691666666667,-46.8477777777778,19,0.1,72,2,6.8,21,2,13166.6666666667
2012,5,30,-22.9377777777778,-46.9336111111111,20,0.1,89,2,6.9,18,2,4333.33333333333
2012,5,32,-22.9083333333333,-46.5436111111111,15,0.4,46,2,6.9,14,2,2166.66666666667
2012,5,34,-22.7466666666667,-46.8977777777778,16,0.8,63,2,6.8,18,2,8666.66666666667
2012,5,35,-22.7122222222222,-46.9713888888889,18,0.7,77,2,6.9,20,2,13000
2012,5,37,-22.6988888888889,-47.1519444444444,25,0.4,96,2,6.9,26,3,4166.66666666667
2012,5,38,-22.6622222222222,-47.2777777777778,11,0.1,48.5,2,6.9,15,2,166.666666666667
2012,5,40,-22.7025,-46.7494444444444,14,0.6,47,14,6.8,39,4,11833.3333333333
2012,5,43,-22.7108333333333,-47.3227777777778,31.9,0.4,135,1,6.9,23,3,7833.33333333333
2012,5,48,-22.7122222222222,-47.6494444444444,47.43,0.1,217,1,7,31,4,20000
2012,5,54,-22.6336111111111,-47.6827777777778,27.5,0.5,127,6,7.2,47,7,108333.333333333
2012,5,83,-22.905,-46.9738888888889,30,0.1,121,2,7,26,5,6666.66666666667
2012,5,86,-22.7613888888889,-47.1766666666667,39,0.1,285,3,7.4,43,5,40000
2012,5,627,-22.6597222222222,-47.2758333333333,22,0.1,89,2,6.5,22,2,600
2012,5,1342,-22.4527777777778,-47.52,22.06,0.1,45,1,6.8,17,2,160
2012,5,1945,-22.4091666666667,-47.5402777777778,22.06,0.1,56.1,2,6.9,20,2,2000
2012,5,1946,-22.3247222222222,-47.5588888888889,19.25,0.2,56.3,5,7,18,2,4833.33333333333
2012,6,66,-23.0061111111111,-47.1,50,0.2,184,12,6.9,32,7,140000
2012,6,71,-23.2083333333333,-46.7686111111111,26,0.1,87,16,7.1,39,5,143333.333333333
2012,6,82,-23.1583333333333,-46.9094444444444,26,0.6,84,0.7,7,27,2,21.6666666666667
2012,6,274,-23.2619444444444,-47.0577777777778,13,0.4,44,0.9,6.7,19,2,386.666666666667
2012,6,320,-23.1830555555556,-47.2438888888889,15,0.5,70,2,6.7,18,2,266.666666666667
2012,6,1947,-23.1641666666667,-47.015,22,0.1,72,2,7.1,27,2,1666.66666666667
2012,7,27,-23.1033333333333,-46.545,19,0.2,68,1,6.8,16,2,2166.66666666667
2012,7,29,-22.9691666666667,-46.8477777777778,19,0.1,63,1,6.9,14,2,333.333333333333
2012,7,30,-22.9377777777778,-46.9336111111111,18,0.1,85,2,6.8,17,2,2333.33333333333
2012,7,32,-22.9083333333333,-46.5436111111111,11,0.1,41,0.8,7.2,10,2,3666.66666666667
2012,7,34,-22.7466666666667,-46.8977777777778,14,0.1,65,1,7,18,2,3500
2012,7,35,-22.7122222222222,-46.9713888888889,16,0.1,75,1,6.9,18,2,8666.66666666667
2012,7,37,-22.6988888888889,-47.1519444444444,22,0.1,99,1,7,20,3,1633.33333333333
2012,7,38,-22.6622222222222,-47.2777777777778,23.1,0.2,87.1,1,7,16,3,3500
2012,7,40,-22.7025,-46.7494444444444,16,0.2,66,2,7,17,8,5000
2012,7,43,-22.7108333333333,-47.3227777777778,26.3,0.1,134,1,7,21,4,1666.66666666667
2012,7,48,-22.7122222222222,-47.6494444444444,41,0.1,200,1,6.9,28,6,13166.6666666667
2012,7,54,-22.6336111111111,-47.6827777777778,34.7,0.1,136,2,7.3,23,4,14333.3333333333
2012,7,83,-22.905,-46.9738888888889,24,0.1,105,2,6.8,22,3,3666.66666666667
2012,7,86,-22.7613888888889,-47.1766666666667,31,0.1,232,3,7,30,9,11333.3333333333
2012,7,627,-22.6597222222222,-47.2758333333333,16.8,0.1,58.5,1,6.8,11,2,253.333333333333
2012,7,1342,-22.4527777777778,-47.52,20,0.1,46.8,1,6.9,11,2,126.666666666667
2012,7,1945,-22.4091666666667,-47.5402777777778,18.9,0.1,55.4,1,6.8,16,2,566.666666666667
2012,7,1946,-22.3247222222222,-47.5588888888889,15.8,0.1,48.4,1,6.7,8,2,1221.66666666667
2012,8,66,-23.0061111111111,-47.1,75,0.1,248,2,7.2,45,5,350
2012,8,71,-23.2083333333333,-46.7686111111111,25,0.1,89,1,7.3,22,7,111666.666666667
2012,8,82,-23.1583333333333,-46.9094444444444,28,0.1,83,0.3,7.6,27,2,11.6666666666667
2012,8,274,-23.2619444444444,-47.0577777777778,13,0.1,42,0.9,6.7,13,2,70
2012,8,320,-23.1830555555556,-47.2438888888889,14,0.1,92,1,6.9,17,2,123.333333333333
2012,8,1947,-23.1641666666667,-47.015,27,0.1,81,1,7,24,2,221.666666666667
2012,11,27,-23.1033333333333,-46.545,19,0.1,68,3,6.8,19,2,271.666666666667
2012,11,29,-22.9691666666667,-46.8477777777778,22,0.1,81,1,6.8,11,2,3333.33333333333
2012,11,30,-22.9377777777778,-46.9336111111111,20,0.1,89,1,7,11,2,650
2012,11,32,-22.9083333333333,-46.5436111111111,13,0.1,45,0.9,6.7,10,2,1200
2012,11,34,-22.7466666666667,-46.8977777777778,17,0.1,79,0.8,7,16,2,8833.33333333333
2012,11,35,-22.7122222222222,-46.9713888888889,18,0.1,97,0.9,6.9,18,2,800
2012,11,37,-22.6988888888889,-47.1519444444444,32,0.1,165,0.9,6.9,29,3,306.666666666667
2012,11,38,-22.6622222222222,-47.2777777777778,35.7,0.1,128,1,6.7,28,4,1833.33333333333
2012,11,40,-22.7025,-46.7494444444444,20,0.1,81,4,6.8,22,8,4666.66666666667
2012,11,43,-22.7108333333333,-47.3227777777778,38.7,0.1,222,0.6,6.9,31,2,1566.66666666667
2012,11,48,-22.7122222222222,-47.6494444444444,66.1,0.1,356,1.09,6.9,60,5,6500
2012,11,54,-22.6336111111111,-47.6827777777778,33.9,0.8,173,5,7.1,32,7,2833.33333333333
2012,11,83,-22.905,-46.9738888888889,27,0.1,118,1,6.8,13,3,2166.66666666667
2012,11,86,-22.7613888888889,-47.1766666666667,41,0.1,424,0.8,7.3,22,3,33333.3333333333
2012,11,627,-22.6597222222222,-47.2758333333333,39.3,0.1,84.5,1,6.9,20,2,50
2012,11,1342,-22.4527777777778,-47.52,21.24,0.1,58.2,1,6.9,20,2,168.333333333333
2012,11,1945,-22.4091666666667,-47.5402777777778,23.9,0.1,56,2,6.8,19,2,600
2012,11,1946,-22.3247222222222,-47.5588888888889,16.8,0.3,41,2,6.9,11,2,7333.33333333333
2012,12,66,-23.0061111111111,-47.1,67,0.1,255,3,7.3,61,6,1133.33333333333
2012,12,71,-23.2083333333333,-46.7686111111111,29,0.1,92,4,7.1,27,7,2e+05
2012,12,82,-23.1583333333333,-46.9094444444444,27,0.1,80,1,6.7,26,2,101.666666666667
2012,12,274,-23.2619444444444,-47.0577777777778,17,0.1,50,3,6.8,17,3,166.666666666667
2012,12,320,-23.1830555555556,-47.2438888888889,19,0.1,108,2,7.1,28,2,210
2012,12,1947,-23.1641666666667,-47.015,2,0.1,90,2,7.1,29,2,983.333333333333
2013,1,27,-23.1033333333333,-46.545,19,0.1,71,2,6.6,16,11,163.333333333333
2013,1,29,-22.9691666666667,-46.8477777777778,21,0.1,77,2,6.7,22,7,2500
2013,1,30,-22.9377777777778,-46.9336111111111,21,0.1,82,2,6.8,20,6,4166.66666666667
2013,1,32,-22.9083333333333,-46.5436111111111,16,0.1,53,2,6.3,16,8,2333.33333333333
2013,1,34,-22.7466666666667,-46.8977777777778,18,0.1,66,2,6.7,19,2,6000
2013,1,35,-22.7122222222222,-46.9713888888889,18,0.1,80,2,6.7,21,3,4000
2013,1,37,-22.6988888888889,-47.1519444444444,22,0.1,95,4,6.8,22,4,2166.66666666667
2013,1,38,-22.6622222222222,-47.2777777777778,17,0.1,69,8,7.1,17,3,6500
2013,1,40,-22.7025,-46.7494444444444,16,0.1,57,7,6.9,14,4,8000
2013,1,43,-22.7108333333333,-47.3227777777778,22,0.1,115,4,6.8,21,3,6833.33333333333
2013,1,48,-22.7122222222222,-47.6494444444444,24,0.1,140,12,7.2,36,10,18333.3333333333
2013,1,54,-22.6336111111111,-47.6827777777778,26,0.1,143,11,7,43,7,13000
2013,1,83,-22.905,-46.9738888888889,25,0.1,98,2,6.9,29,6,2833.33333333333
2013,1,86,-22.7613888888889,-47.1766666666667,32,0.1,267,3,7.2,34,8,26666.6666666667
2013,1,627,-22.6597222222222,-47.2758333333333,17,0.1,66.8,5,6.9,15,2,1150
2013,1,1342,-22.4527777777778,-47.52,22,0.1,61.9,5,6.5,23,2,53.3333333333333
2013,1,1945,-22.4091666666667,-47.5402777777778,20,0.1,62.5,3,7,23,2,466.666666666667
2013,1,1946,-22.3247222222222,-47.5588888888889,11,0.1,37.3,16,6.7,16,3,58333.3333333333
2013,2,66,-23.0061111111111,-47.1,67,0.1,182,8,7.2,39,8,9166.66666666667
2013,2,71,-23.2083333333333,-46.7686111111111,25,0.1,78,19,6.7,33,9,73333.3333333333
2013,2,82,-23.1583333333333,-46.9094444444444,37,0.1,67,0.6,6.8,31,2,433.333333333333
2013,2,274,-23.2619444444444,-47.0577777777778,22,0.1,57,2,6.8,20,6,1116.66666666667
2013,2,320,-23.1830555555556,-47.2438888888889,19,0.1,68,3,6.8,16,5,850
2013,2,1947,-23.1641666666667,-47.015,23,0.1,68,4,7.1,24,2,1266.66666666667
2013,5,27,-23.1033333333333,-46.545,19,0.1,55,2,6.6,15,2,966.666666666667
2013,5,29,-22.9691666666667,-46.8477777777778,21,0.1,72,1,6.6,19,2,6666.66666666667
2013,5,30,-22.9377777777778,-46.9336111111111,22,0.1,82,2,6.6,19,3,2333.33333333333
2013,5,32,-22.9083333333333,-46.5436111111111,14,0.1,43,1,6.7,12,2,950
2013,5,34,-22.7466666666667,-46.8977777777778,18,0.1,72,1,6.7,17,2,6333.33333333333
2013,5,35,-22.7122222222222,-46.9713888888889,17,0.1,88,1,6.7,19,2,3000
2013,5,37,-22.6988888888889,-47.1519444444444,27,0.1,125,1,6.7,26,3,590
2013,5,38,-22.6622222222222,-47.2777777777778,23,0.1,110,1,7.1,24,3,7333.33333333333
2013,5,40,-22.7025,-46.7494444444444,25,0.1,103,2,6.8,30,8,12000
2013,5,43,-22.7108333333333,-47.3227777777778,32,0.1,147,1,7.15,27,4,1833.33333333333
2013,5,48,-22.7122222222222,-47.6494444444444,58,0.1,276,1,7,36,4,3166.66666666667
2013,5,54,-22.6336111111111,-47.6827777777778,32,0.1,140,2,7.2,46,3,18333.3333333333
2013,5,83,-22.905,-46.9738888888889,29,0.1,116,2,6.7,26,4,12166.6666666667
2013,5,86,-22.7613888888889,-47.1766666666667,42,0.1,553,1,7.2,34,11,45000
2013,5,627,-22.6597222222222,-47.2758333333333,13,0.2,45.2,1,6.8,17,2,160
2013,5,1342,-22.4527777777778,-47.52,13,0.1,47.1,2,6.5,14,2,1666.66666666667
2013,5,1945,-22.4091666666667,-47.5402777777778,15,0.6,50.8,2,7,17,2,11166.6666666667
2013,5,1946,-22.3247222222222,-47.5588888888889,13,0.1,42.7,2,7.1,15,2,2166.66666666667
2013,6,66,-23.0061111111111,-47.1,71,0.1,227,2,6.9,51,8,866.666666666667
2013,6,71,-23.2083333333333,-46.7686111111111,30,0.5,91,12,6.6,28,11,160000
2013,6,82,-23.1583333333333,-46.9094444444444,34,0.1,85,0.4,7,28,2,273.333333333333
2013,6,274,-23.2619444444444,-47.0577777777778,12,0.2,47,2,6.6,14,2,15500
2013,6,320,-23.1830555555556,-47.2438888888889,15,0.2,96,3,6.7,20,2,1233.33333333333
2013,6,1947,-23.1641666666667,-47.015,28,0.2,77,2,7.2,26,2,4166.66666666667
2013,7,27,-23.1033333333333,-46.545,21,0.3,68,2,6.7,18,2,666.666666666667
2013,7,29,-22.9691666666667,-46.8477777777778,20,0.2,73,2,6.8,19,2,2500
2013,7,30,-22.9377777777778,-46.9336111111111,25,0.2,99,3,6.7,24,5,16666.6666666667
2013,7,32,-22.9083333333333,-46.5436111111111,16,0.1,47,0.8,6.5,12,3,1266.66666666667
2013,7,34,-22.7466666666667,-46.8977777777778,19,0.1,79,0.7,6.6,17,3,1458.33333333333
2013,7,35,-22.7122222222222,-46.9713888888889,20,0.1,93,0.8,6.7,19,3,718.333333333333
2013,7,37,-22.6988888888889,-47.1519444444444,27,0.2,116,2,6.7,22,4,666.666666666667
2013,7,38,-22.6622222222222,-47.2777777777778,25,0.1,113,2,9.1,23,5,2500
2013,7,40,-22.7025,-46.7494444444444,19,0.3,62,3,6.8,16,2,10500
2013,7,43,-22.7108333333333,-47.3227777777778,33,0.1,183,1,7.4,26,3,5166.66666666667
2013,7,48,-22.7122222222222,-47.6494444444444,57,0.1,288,1,7.2,37,5,4500
2013,7,54,-22.6336111111111,-47.6827777777778,35,0.1,168,2,7.7,44,4,12833.3333333333
2013,7,83,-22.905,-46.9738888888889,24,0.2,99,2,6.8,26,5,18333.3333333333
2013,7,86,-22.7613888888889,-47.1766666666667,29,0.5,144,5,7,28,7,26666.6666666667
2013,7,627,-22.6597222222222,-47.2758333333333,14,0.2,50,1,7.9,14,2,160
2013,7,1342,-22.4527777777778,-47.52,18,0.1,46.7,1,7.5,16,2,50
2013,7,1945,-22.4091666666667,-47.5402777777778,21,0.1,57.3,2,7.5,20,2,400
2013,7,1946,-22.3247222222222,-47.5588888888889,16,0.1,50,2,8,16,2,4000
2013,8,66,-23.0061111111111,-47.1,87,0.1,269,3,7,70,5,11500
2013,8,71,-23.2083333333333,-46.7686111111111,32,0.1,108,2,6.8,26,5,68333.3333333333
2013,8,82,-23.1583333333333,-46.9094444444444,32,0.1,87,0.3,7.4,29,2,16.6666666666667
2013,8,274,-23.2619444444444,-47.0577777777778,15,0.1,44,0.7,6.8,15,2,166.666666666667
2013,8,320,-23.1830555555556,-47.2438888888889,17,0.2,101,1,7,20,2,133.333333333333
2013,8,1947,-23.1641666666667,-47.015,31,0.1,79,1,7.3,29,2,700
2013,11,27,-23.1033333333333,-46.545,21,0.3,73,2,6.6,20,2,9166.66666666667
2013,11,29,-22.9691666666667,-46.8477777777778,18,0.7,58,2,6.6,16,2,2666.66666666667
2013,11,30,-22.9377777777778,-46.9336111111111,18,0.5,69,4,6.6,18,4,45000
2013,11,32,-22.9083333333333,-46.5436111111111,17,0.1,46,0.6,6.5,14,2,666.666666666667
2013,11,34,-22.7466666666667,-46.8977777777778,23,0.1,92,0.6,6.7,22,2,9666.66666666667
2013,11,35,-22.7122222222222,-46.9713888888889,23,0.1,108,0.7,6.7,25,2,1100
2013,11,37,-22.6988888888889,-47.1519444444444,32,0.1,144,1,6.8,27,3,683.333333333333
2013,11,38,-22.6622222222222,-47.2777777777778,33,0.1,139,0.7,6.8,29,2,1833.33333333333
2013,11,40,-22.7025,-46.7494444444444,26,0.2,79,2,7,22,2,35000
2013,11,43,-22.7108333333333,-47.3227777777778,39,0.1,239,0.5,6.9,30,4,1666.66666666667
2013,11,48,-22.7122222222222,-47.6494444444444,42,0.9,208,5,6.7,39,7,25000
2013,11,54,-22.6336111111111,-47.6827777777778,41,1,162,9,6.6,49,24,450000
2013,11,83,-22.905,-46.9738888888889,22,0.2,91,4,6.6,22,3,16666.6666666667
2013,11,86,-22.7613888888889,-47.1766666666667,33,0.2,253,3,6.8,29,8,71666.6666666667
2013,11,627,-22.6597222222222,-47.2758333333333,13,0.7,50.8,1,6.8,16,2,110
2013,11,1342,-22.4527777777778,-47.52,18,0.4,50.2,3,6.5,17,2,166.666666666667
2013,11,1945,-22.4091666666667,-47.5402777777778,24,0.8,64.8,3,6.8,24,2,1483.33333333333
2013,11,1946,-22.3247222222222,-47.5588888888889,14,0.6,46.2,10,6.4,20,5,38333.3333333333
2013,12,66,-23.0061111111111,-47.1,102,0.1,312,3,7.1,64,9,8833.33333333333
2013,12,71,-23.2083333333333,-46.7686111111111,40,0.1,113,2,6.8,30,12,150000
2013,12,82,-23.1583333333333,-46.9094444444444,29,0.5,84,9,6.9,22,2,140
2013,12,274,-23.2619444444444,-47.0577777777778,17,0.1,49,1,7,15,2,616.666666666667
2013,12,320,-23.1830555555556,-47.2438888888889,20,0.1,116,2,7.1,27,2,416.666666666667
2013,12,1947,-23.1641666666667,-47.015,30,0.4,78,3,7.1,32,3,2333.33333333333
2014,1,27,-23.1033333333333,-46.545,20,0.1,73,0.9,6.5,18,2,166.666666666667
2014,1,29,-22.9691666666667,-46.8477777777778,27,0.1,95,1,6.7,24,2,35000
2014,1,30,-22.9377777777778,-46.9336111111111,26,0.1,108,1,6.8,25,3,555
2014,1,32,-22.9083333333333,-46.5436111111111,15,0.1,47,1,6.4,12,2,260
2014,1,34,-22.7466666666667,-46.8977777777778,22,0.1,96,0.9,7,20,2,10000
2014,1,35,-22.7122222222222,-46.9713888888889,23,0.1,114,1,6.7,25,2,1400
2014,1,37,-22.6988888888889,-47.1519444444444,41,0.1,192,0.8,6.7,32,4,750
2014,1,38,-22.6622222222222,-47.2777777777778,29,0.4,155,2,6.8,26,4,40000
2014,1,40,-22.7025,-46.7494444444444,25,0.3,86,2,6.9,26,3,21666.6666666667
2014,1,43,-22.7108333333333,-47.3227777777778,41,0.5,247,0.6,7.1,29,3,250
2014,1,48,-22.7122222222222,-47.6494444444444,80,0.1,387,2,7.1,49,6,16000
2014,1,54,-22.6336111111111,-47.6827777777778,28,0.8,109,9,7,42,5,21666.6666666667
2014,1,83,-22.905,-46.9738888888889,28,0.1,170,2,6.9,45,5,6500
2014,1,86,-22.7613888888889,-47.1766666666667,67,0.1,624,1,7,47,8,2166.66666666667
2014,1,627,-22.6597222222222,-47.2758333333333,18,0.1,58.1,3,6.6,18,2,146.666666666667
2014,1,1342,-22.4527777777778,-47.52,23,0.1,56.2,3,6.7,24,2,186.666666666667
2014,1,1945,-22.4091666666667,-47.5402777777778,23,0.7,62.9,3,6.7,23,2,3833.33333333333
2014,1,1946,-22.3247222222222,-47.5588888888889,22,0.3,58.5,3,6.9,21,2,6166.66666666667
2014,2,66,-23.0061111111111,-47.1,109,0.1,356,2,7.4,73,9,2333.33333333333
2014,2,71,-23.2083333333333,-46.7686111111111,44,0.1,133,2,9,34,7,2e+05
2014,2,82,-23.1583333333333,-46.9094444444444,24,0.6,81,0.7,6.9,22,3,6.66666666666667
2014,2,274,-23.2619444444444,-47.0577777777778,19,0.1,54,2,6.6,19,9,513.333333333333
2014,2,320,-23.1830555555556,-47.2438888888889,22,0.1,141,1,7.1,27,2,300
2014,2,1947,-23.1641666666667,-47.015,46,0.1,136,2,7,44,3,583.333333333333
2014,5,27,-23.1033333333333,-46.545,16,0.1,98,0.8,6.6,16,3,188.333333333333
2014,5,29,-22.9691666666667,-46.8477777777778,23,0.1,91,0.8,6.8,21,4,16000
2014,5,30,-22.9377777777778,-46.9336111111111,24,0.1,114,1,6.9,23,5,3166.66666666667
2014,5,32,-22.9083333333333,-46.5436111111111,13,0.1,49,1,6.5,13,4,170
2014,5,34,-22.7466666666667,-46.8977777777778,27,0.1,113,0.3,6.9,23,2,11166.6666666667
2014,5,35,-22.7122222222222,-46.9713888888889,31,0.1,134,0.6,6.9,26,3,8833.33333333333
2014,5,37,-22.6988888888889,-47.1519444444444,36,0.1,210,0.6,6.8,32,4,666.666666666667
2014,5,38,-22.6622222222222,-47.2777777777778,36,0.1,201,0.6,6.6,31,2,466.666666666667
2014,5,40,-22.7025,-46.7494444444444,27,0.1,113,1,6.9,33,11,7833.33333333333
2014,5,43,-22.7108333333333,-47.3227777777778,49,0.1,327,0.4,7.2,36,3,4666.66666666667
2014,5,48,-22.7122222222222,-47.6494444444444,143,0.1,654,1,7.3,67,15,350000
2014,5,54,-22.6336111111111,-47.6827777777778,34,0.1,190,1,6.8,38,5,2500
2014,5,83,-22.905,-46.9738888888889,34,0.1,149,1,6.9,28,9,1266.66666666667
2014,5,86,-22.7613888888889,-47.1766666666667,84,0.1,666,0.8,7.2,58,8,46666.6666666667
2014,5,627,-22.6597222222222,-47.2758333333333,14,0.4,48.3,1,6.7,14,2,55
2014,5,1342,-22.4527777777778,-47.52,17,0.1,55.5,2,6.7,18,2,153.333333333333
2014,5,1410,-22.9277777777778,-46.4241666666667,15.4,0.45,46,1.73,6.03,10.9,12,6.66666666666667
2014,5,1945,-22.4091666666667,-47.5402777777778,18,0.2,56.3,1,7,19,2,733.333333333333
2014,5,1946,-22.3247222222222,-47.5588888888889,12,0.1,42.5,0.9,6.8,12,2,7500
2014,5,2370,-22.9652777777778,-46.3541666666667,19.7,0.1,44,0.7,6.66,10.6,12,5
2014,5,2377,-23.2097222222222,-46.3861111111111,17.6,0.1,41,0.15,6.66,9.83,13,1.66666666666667
2014,5,2383,-23.0336111111111,-46.29,17,0.1,41,0.42,6.79,10.1,16,41.6666666666667
2014,6,66,-23.0061111111111,-47.1,113,0.1,385,2,7.2,68,9,11333.3333333333
2014,6,71,-23.2083333333333,-46.7686111111111,35,0.1,105,1,8.2,27,4,1000
2014,6,82,-23.1583333333333,-46.9094444444444,26,0.1,87,0.5,6.9,25,2,48.3333333333333
2014,6,274,-23.2619444444444,-47.0577777777778,16,0.1,45,0.5,6.9,16,2,383.333333333333
2014,6,320,-23.1830555555556,-47.2438888888889,18,0.1,174,0.6,7,27,2,233.333333333333
2014,6,1410,-22.9277777777778,-46.4241666666667,17.4,0.1,47,1.25,5.92,11.3,3,5
2014,6,1947,-23.1641666666667,-47.015,34,0.1,94,1,7.3,32,2,283.333333333333
2014,6,2370,-22.9652777777778,-46.3541666666667,20.1,0.1,43,0.89,6.56,11.1,3,15
2014,6,2377,-23.2097222222222,-46.3861111111111,17.7,0.1,37,0.53,6.64,10.2,3,1.66666666666667
2014,6,2383,-23.0336111111111,-46.29,16.8,0.1,39,0.71,6.48,11.3,4,3.33333333333333
2014,7,27,-23.1033333333333,-46.545,20,0.1,76,1,6.5,17,2,500
2014,7,29,-22.9691666666667,-46.8477777777778,21,0.1,90,1,6.5,19,2,20000
2014,7,30,-22.9377777777778,-46.9336111111111,23,0.1,113,0.8,6.7,20,2,1200
2014,7,32,-22.9083333333333,-46.5436111111111,15,0.1,53,0.6,6.5,13,10,96.6666666666667
2014,7,34,-22.7466666666667,-46.8977777777778,30,0.1,135,0.3,6.9,26,2,9166.66666666667
2014,7,35,-22.7122222222222,-46.9713888888889,41,0.1,206,0.5,6.7,35,4,1000
2014,7,37,-22.6988888888889,-47.1519444444444,44,0.1,258,0.4,6.7,38,5,1166.66666666667
2014,7,38,-22.6622222222222,-47.2777777777778,47,0.1,274,0.3,6.9,38,3,1083.33333333333
2014,7,40,-22.7025,-46.7494444444444,30,0.1,125,1,7,37,13,800
2014,7,43,-22.7108333333333,-47.3227777777778,62,0.1,456,0.3,7.1,44,4,7833.33333333333
2014,7,48,-22.7122222222222,-47.6494444444444,131,0.1,803,0.8,7.4,80,14,146666.666666667
2014,7,54,-22.6336111111111,-47.6827777777778,40,0.1,185,1,7,35,5,1000
2014,7,83,-22.905,-46.9738888888889,35,0.1,158,1,6.7,26,4,1116.66666666667
2014,7,86,-22.7613888888889,-47.1766666666667,81,0.1,539,0.5,7.2,55,6,45000
2014,7,627,-22.6597222222222,-47.2758333333333,13,0.2,46.6,0.9,7,13,2,226.666666666667
2014,7,1342,-22.4527777777778,-47.52,23,0.1,71.3,1,6.9,25,4,366.666666666667
2014,7,1410,-22.9277777777778,-46.4241666666667,16.8,0.17,48,0.65,6.3,12.5,3,1.66666666666667
2014,7,1945,-22.4091666666667,-47.5402777777778,26,0.1,50.2,0.8,6.8,16,4,1116.66666666667
2014,7,1946,-22.3247222222222,-47.5588888888889,10,0.2,38.8,1,7.1,12,2,3833.33333333333
2014,7,2377,-23.2097222222222,-46.3861111111111,17.8,0.1,38,0.29,6.81,9.98,3,1.66666666666667
2014,7,2383,-23.0336111111111,-46.29,16.2,0.1,40,0.83,6.8,10.8,3,23.3333333333333
2014,7,2396,-22.9686111111111,-46.3338888888889,18.7,0.1,45,1.54,6.45,10.3,3,66.6666666666667
2014,8,66,-23.0061111111111,-47.1,147,0.1,493,9,7.4,103,35,183333.333333333
2014,8,71,-23.2083333333333,-46.7686111111111,42,0.1,152,2,7,31,14,150000
2014,8,82,-23.1583333333333,-46.9094444444444,24,0.1,78,0.5,7.5,22,2,21.6666666666667
2014,8,274,-23.2619444444444,-47.0577777777778,18,0.1,54,0.8,6.6,21,2,143.333333333333
2014,8,320,-23.1830555555556,-47.2438888888889,20,0.1,184,0.5,6.9,29,2,316.666666666667
2014,8,1410,-22.9277777777778,-46.4241666666667,17.1,0.15,49,0.98,7.47,12.4,3,8.33333333333333
2014,8,1947,-23.1641666666667,-47.015,37,0.1,99,1,7.3,35,2,100
2014,8,2377,-23.2097222222222,-46.3861111111111,19.2,0.1,39,0.43,6.6,10.7,3,140
2014,8,2383,-23.0336111111111,-46.29,17.7,0.18,40,1.04,6.83,11.4,3,233.333333333333
2014,8,2396,-22.9686111111111,-46.3338888888889,18.2,0.19,43,3.9,7.08,12.4,3,13.3333333333333
2014,9,1410,-22.9277777777778,-46.4241666666667,14.6,0.17,51,1.13,7.03,13.2,3,1.66666666666667
2014,9,2377,-23.2097222222222,-46.3861111111111,13.6,0.1,38,0.15,7.28,10.2,3,6.66666666666667
2014,9,2383,-23.0336111111111,-46.29,12.9,0.23,41,1.07,8.88,10.8,3,1.66666666666667
2014,9,2396,-22.9686111111111,-46.3338888888889,29.9,0.44,87,5.33,6.76,16.5,4,5500
2014,10,1410,-22.9277777777778,-46.4241666666667,14.3,0.21,54,0.91,7.81,14.1,3,20
2014,10,2377,-23.2097222222222,-46.3861111111111,14,0.1,37,0.77,7.03,10.8,3,3.33333333333333
2014,10,2383,-23.0336111111111,-46.29,12.7,0.17,39,0.61,7.76,11,3,1.66666666666667
2014,11,27,-23.1033333333333,-46.545,22,0.1,84,1,6.5,18,2,100
2014,11,29,-22.9691666666667,-46.8477777777778,22,0.1,107,0.6,6.5,21,2,2500
2014,11,30,-22.9377777777778,-46.9336111111111,22,0.1,119,0.7,7.1,22,2,125
2014,11,32,-22.9083333333333,-46.5436111111111,19,0.1,55,0.7,6.5,12,8,83.3333333333333
2014,11,34,-22.7466666666667,-46.8977777777778,56,0.1,186,0.3,7,30,2,6000
2014,11,35,-22.7122222222222,-46.9713888888889,64,0.1,265,0.4,7,36,2,76.6666666666667
2014,11,37,-22.6988888888889,-47.1519444444444,58,0.1,272,0.3,6.9,34,8,1383.33333333333
2014,11,38,-22.6622222222222,-47.2777777777778,68,0.1,293,0.7,6.9,38,3,733.333333333333
2014,11,40,-22.7025,-46.7494444444444,27,0.2,98,2,7,21,4,9333.33333333333
2014,11,43,-22.7108333333333,-47.3227777777778,114,0.1,702,0.4,7.2,56,4,1166.66666666667
2014,11,48,-22.7122222222222,-47.6494444444444,88,0.1,474,1,7.1,57,9,25000
2014,11,54,-22.6336111111111,-47.6827777777778,39,0.1,305,0.9,7,43,4,2833.33333333333
2014,11,83,-22.905,-46.9738888888889,41,0.1,203,1,7,32,5,38333.3333333333
2014,11,86,-22.7613888888889,-47.1766666666667,61,0.1,874,0.3,7.2,57,5,55000
2014,11,627,-22.6597222222222,-47.2758333333333,18,0.1,58.1,0.8,7.2,17,2,30
2014,11,1342,-22.4527777777778,-47.52,21,0.8,69.5,2,6.8,20,2,10666.6666666667
2014,11,1410,-22.9277777777778,-46.4241666666667,16.9,0.48,103,1.33,8.32,13.8,3,1100
2014,11,1945,-22.4091666666667,-47.5402777777778,11,0.6,47.8,1,7,15,2,50000
2014,11,1946,-22.3247222222222,-47.5588888888889,13,0.2,49.1,0.8,7,11,2,3333.33333333333
2014,11,2377,-23.2097222222222,-46.3861111111111,2,0.1,42,1.79,7,11,3,23.3333333333333
2014,11,2383,-23.0336111111111,-46.29,14.2,0.44,40,1.55,8.23,12,3,360
2014,11,2401,-22.9711111111111,-46.4008333333333,15.7,0.1,45,0.41,7.11,11.3,3,3.33333333333333
2014,12,66,-23.0061111111111,-47.1,84,0.1,300,2,7.1,59,7,2166.66666666667
2014,12,71,-23.2083333333333,-46.7686111111111,49,0.1,181,2,6.9,47,16,166666.666666667
2014,12,82,-23.1583333333333,-46.9094444444444,27,0.1,93,0.6,7.4,24,2,21.6666666666667
2014,12,274,-23.2619444444444,-47.0577777777778,40,0.1,117,2,6.7,30,50,133333.333333333
2014,12,320,-23.1830555555556,-47.2438888888889,27,0.1,173,1,6.9,36,2,280
2014,12,1410,-22.9277777777778,-46.4241666666667,17.3,0.2,76,0.7,7.94,13.6,3,33.3333333333333
2014,12,1947,-23.1641666666667,-47.015,41,0.1,122,2,7.1,48,3,41666.6666666667
2014,12,2377,-23.2097222222222,-46.3861111111111,16.5,0.1,60,2.7,7.23,9.88,3,1.66666666666667
2014,12,2383,-23.0336111111111,-46.29,14.7,0.1,43,1.2,7.78,10.8,3,8.33333333333333
2014,12,2401,-22.9711111111111,-46.4008333333333,14.6,0.1,46,0.4,7.28,11.1,3,1.66666666666667
2015,1,27,-23.1033333333333,-46.545,18,0.5,105,1,6.2,19,4,1366.66666666667
2015,1,29,-22.9691666666667,-46.8477777777778,17,1,89,1,6.4,21,3,7833.33333333333
2015,1,30,-22.9377777777778,-46.9336111111111,17,1,96,0.9,6.6,20,4,4666.66666666667
2015,1,32,-22.9083333333333,-46.5436111111111,18,0.1,71,2,6.4,18,2,4166.66666666667
2015,1,34,-22.7466666666667,-46.8977777777778,27,0.6,103,0.7,6.5,24,2,18333.3333333333
2015,1,35,-22.7122222222222,-46.9713888888889,37,0.6,160,1,6.5,31,5,11500
2015,1,37,-22.6988888888889,-47.1519444444444,42,0.1,211,1,6.6,24,4,583.333333333333
2015,1,38,-22.6622222222222,-47.2777777777778,37,0.1,185,0.8,6.8,34,3,1133.33333333333
2015,1,40,-22.7025,-46.7494444444444,24,0.3,91,2,6.8,24,2,9500
2015,1,43,-22.7108333333333,-47.3227777777778,62,0.1,397,0.6,7.3,42,4,31666.6666666667
2015,1,48,-22.7122222222222,-47.6494444444444,67,0.1,461,1,7.1,58,7,10000
2015,1,54,-22.6336111111111,-47.6827777777778,35,0.1,272,1,7.4,72,5,1166.66666666667
2015,1,83,-22.905,-46.9738888888889,17,0.9,103,3,6.6,14,4,5833.33333333333
2015,1,86,-22.7613888888889,-47.1766666666667,25,0.9,203,6,6.8,29,9,12000
2015,1,627,-22.6597222222222,-47.2758333333333,19,0.1,69.6,3,6.6,21,2,38.3333333333333
2015,1,1342,-22.4527777777778,-47.52,14,0.1,53.8,4,6.5,15,2,1416.66666666667
2015,1,1410,-22.9277777777778,-46.4241666666667,13.2,0.45,65,2.63,6.85,11.7,3,1.66666666666667
2015,1,1945,-22.4091666666667,-47.5402777777778,14,0.6,61.2,1,6.5,18,2,4166.66666666667
2015,1,1946,-22.3247222222222,-47.5588888888889,12,0.1,42.6,1,7.1,13,2,10500
2015,1,2377,-23.2097222222222,-46.3861111111111,16,0.1,47,1.61,6.96,11.3,3,900
2015,1,2383,-23.0336111111111,-46.29,14.9,0.1,49,0.89,7.61,11.6,3,46.6666666666667
2015,1,2401,-22.9711111111111,-46.4008333333333,13.9,0.1,50,0.54,7.53,11.5,3,1.66666666666667
2015,2,66,-23.0061111111111,-47.1,106,0.1,376,1,7.2,81,11,16666.6666666667
2015,2,71,-23.2083333333333,-46.7686111111111,35,0.2,123,2,6.8,35,4,48333.3333333333
2015,2,82,-23.1583333333333,-46.9094444444444,29,0.6,96,1,6.7,28,2,45
2015,2,274,-23.2619444444444,-47.0577777777778,24,0.2,82,1,7,22,4,55000
2015,2,320,-23.1830555555556,-47.2438888888889,24,0.3,133,1,7.1,29,2,176.666666666667
2015,2,1410,-22.9277777777778,-46.4241666666667,14.1,0.1,77,1.49,7.51,12.6,3,5
2015,2,1947,-23.1641666666667,-47.015,24,0.1,99,2,6.5,34,3,36666.6666666667
2015,2,2377,-23.2097222222222,-46.3861111111111,15.4,0.1,55,0.67,7.03,12.1,3,28.3333333333333
2015,2,2383,-23.0336111111111,-46.29,13,0.1,45,1.25,7.13,10.7,3,90
2015,2,2401,-22.9711111111111,-46.4008333333333,15.2,0.1,47,0.51,7.29,13.1,3,1.66666666666667
2015,2,2567,-23.0508333333333,-46.3163888888889,15,0.1,48,0.32,7.66,11.8,3,56.6666666666667
2015,3,1410,-22.9277777777778,-46.4241666666667,14.5,0.31,62,3.15,7.55,10.8,3,5
2015,3,2377,-23.2097222222222,-46.3861111111111,13.6,0.1,85,0.49,7.19,10.5,3,48.3333333333333
2015,3,2383,-23.0336111111111,-46.29,14.4,0.1,45,1.13,7.06,12.3,3,71.6666666666667
2015,3,2401,-22.9711111111111,-46.4008333333333,14.9,0.1,45,0.75,7.01,10.9,3,3.33333333333333
2015,4,1410,-22.9277777777778,-46.4241666666667,16,0.27,65,2.52,7.48,14.5,3,31.6666666666667
2015,4,2377,-23.2097222222222,-46.3861111111111,15.5,0.1,39,0.24,7.23,10.7,3,3.33333333333333
2015,4,2383,-23.0336111111111,-46.29,14.7,0.1,42,0.81,8.6,13.9,3,1.66666666666667
2015,4,2401,-22.9711111111111,-46.4008333333333,13.4,0.15,43,0.96,7.13,12.5,3,5
2015,5,27,-23.1033333333333,-46.545,23,0.1,88,2,6.8,19,3,900
2015,5,29,-22.9691666666667,-46.8477777777778,34,0.1,119,0.9,6.8,27,2,56666.6666666667
2015,5,30,-22.9377777777778,-46.9336111111111,31,0.1,131,0.7,6.9,29,2,1050
2015,5,32,-22.9083333333333,-46.5436111111111,20,0.1,76,1,6.7,15,2,123.333333333333
2015,5,34,-22.7466666666667,-46.8977777777778,32,0.1,137,0.3,7.6,23,2,21666.6666666667
2015,5,35,-22.7122222222222,-46.9713888888889,36,0.1,163,0.6,7,26,3,8333.33333333333
2015,5,37,-22.6988888888889,-47.1519444444444,41,0.1,191,1,6.9,28,2,733.333333333333
2015,5,38,-22.6622222222222,-47.2777777777778,38,0.1,176,1,7.1,29,7,8333.33333333333
2015,5,40,-22.7025,-46.7494444444444,23,0.2,92,2,6.8,19,2,25000
2015,5,43,-22.7108333333333,-47.3227777777778,40,0.1,210,0.8,7,29,2,916.666666666667
2015,5,48,-22.7122222222222,-47.6494444444444,55,0.1,259,2,7,40,4,38333.3333333333
2015,5,54,-22.6336111111111,-47.6827777777778,36,0.1,189,1,7,48,2,15666.6666666667
2015,5,83,-22.905,-46.9738888888889,53,0.1,213,1,7,39,5,5000
2015,5,86,-22.7613888888889,-47.1766666666667,103,0.1,516,1,7.4,67,8,250000
2015,5,627,-22.6597222222222,-47.2758333333333,13,0.1,53.2,1,7,14,7,5000
2015,5,1342,-22.4527777777778,-47.52,23,0.1,52.5,3,6.8,17,2,253.333333333333
2015,5,1410,-22.9277777777778,-46.4241666666667,17.7,0.11,58,2.25,6.86,12.9,3,18.3333333333333
2015,5,1945,-22.4091666666667,-47.5402777777778,24,0.1,64.3,1,6.8,21,2,550
2015,5,1946,-22.3247222222222,-47.5588888888889,15,0.1,49.5,1,6.9,14,2,7666.66666666667
2015,5,2401,-22.9711111111111,-46.4008333333333,15.2,0.1,43,0.81,6.5,10.3,3,1.66666666666667
2015,6,66,-23.0061111111111,-47.1,109,0.1,379,3,7.4,70,10,16666.6666666667
2015,6,71,-23.2083333333333,-46.7686111111111,37,0.1,112,1,7.4,28,2,30000
2015,6,82,-23.1583333333333,-46.9094444444444,41,0.1,107,0.3,6.9,31,2,83.3333333333333
2015,6,274,-23.2619444444444,-47.0577777777778,19,0.2,56,0.8,6.9,15,2,66.6666666666667
2015,6,320,-23.1830555555556,-47.2438888888889,20,0.2,174,0.8,7.2,27,2,500
2015,6,1947,-23.1641666666667,-47.015,46,0.1,129,1,7.4,37,2,466.666666666667
2015,7,27,-23.1033333333333,-46.545,20,0.1,73,0.8,6.6,16,2,1166.66666666667
2015,7,29,-22.9691666666667,-46.8477777777778,28,0.1,104,1,6.9,22,3,14666.6666666667
2015,7,30,-22.9377777777778,-46.9336111111111,32,0.1,133,0.9,7.1,24,3,600
2015,7,32,-22.9083333333333,-46.5436111111111,18,0.1,59,0.8,6.1,14,2,203.333333333333
2015,7,34,-22.7466666666667,-46.8977777777778,30,0.1,138,0.3,7.1,24,2,21666.6666666667
2015,7,35,-22.7122222222222,-46.9713888888889,38,0.1,177,0.6,6.5,29,3,12166.6666666667
2015,7,37,-22.6988888888889,-47.1519444444444,40,0.1,230,0.9,6.8,34,5,340
2015,7,38,-22.6622222222222,-47.2777777777778,40,0.3,179,0.7,6.8,28,5,5500
2015,7,40,-22.7025,-46.7494444444444,28,0.1,88,1,7,22,4,10833.3333333333
2015,7,43,-22.7108333333333,-47.3227777777778,58,0.1,336,0.3,7.1,38,4,163.333333333333
2015,7,48,-22.7122222222222,-47.6494444444444,97,0.1,428,0.9,7.2,47,6,11000
2015,7,54,-22.6336111111111,-47.6827777777778,35,0.1,195,1,6.9,40,3,1666.66666666667
2015,7,83,-22.905,-46.9738888888889,46,0.1,189,1,7,32,4,10166.6666666667
2015,7,86,-22.7613888888889,-47.1766666666667,77,0.1,661,0.9,7.3,51,10,28333.3333333333
2015,7,627,-22.6597222222222,-47.2758333333333,30,0.1,139,1,6.6,23,2,81.6666666666667
2015,7,1342,-22.4527777777778,-47.52,21,0.1,50.6,2,6.7,17,2,500
2015,7,1945,-22.4091666666667,-47.5402777777778,21,0.1,61.9,1,6.7,19,2,286.666666666667
2015,7,1946,-22.3247222222222,-47.5588888888889,15,0.1,48,0.6,6.9,12,3,2500
2015,8,66,-23.0061111111111,-47.1,126,0.1,452,2,7.1,73,8,21666.6666666667
2015,8,71,-23.2083333333333,-46.7686111111111,45,0.1,148,1,7.1,35,5,96666.6666666667
2015,8,82,-23.1583333333333,-46.9094444444444,37,0.1,105,0.3,7,29,2,35
2015,8,274,-23.2619444444444,-47.0577777777778,22,0.1,59,1,7.3,17,2,145
2015,8,320,-23.1830555555556,-47.2438888888889,20,0.1,154,0.8,7.1,25,2,400
2015,8,1947,-23.1641666666667,-47.015,43,0.2,106,1,7.2,36,2,450
2015,10,2377,-23.2097222222222,-46.3861111111111,13.1,0.1,60,0.1,8.17,10.4,3,15
2015,10,2383,-23.0336111111111,-46.29,13.1,0.1,46,0.49,8.93,11,3,3.33333333333333
2015,11,27,-23.1033333333333,-46.545,26,0.1,92,1,7.2,22,2,2833.33333333333
2015,11,29,-22.9691666666667,-46.8477777777778,23,0.1,93,1,7.3,23,2,7000
2015,11,30,-22.9377777777778,-46.9336111111111,22,0.2,92,0.4,7.3,23,2,1166.66666666667
2015,11,32,-22.9083333333333,-46.5436111111111,25,0.1,73,4,6.6,19,3,2000
2015,11,34,-22.7466666666667,-46.8977777777778,25,0.1,97,0.9,7.1,22,2,16000
2015,11,35,-22.7122222222222,-46.9713888888889,27,0.1,117,0.9,7.1,23,3,18333.3333333333
2015,11,37,-22.6988888888889,-47.1519444444444,28,0.3,149,1,6.9,27,2,983.333333333333
2015,11,38,-22.6622222222222,-47.2777777777778,24,0.3,132,1,7.1,25,2,9833.33333333333
2015,11,40,-22.7025,-46.7494444444444,20,0.9,67,2,7.3,16,2,25000
2015,11,43,-22.7108333333333,-47.3227777777778,35,0.2,191,0.9,7.1,28,2,15333.3333333333
2015,11,48,-22.7122222222222,-47.6494444444444,112,0.1,352,0.8,7.2,42,5,13000
2015,11,54,-22.6336111111111,-47.6827777777778,36,0.1,185,2,7,43,2,2500
2015,11,83,-22.905,-46.9738888888889,30,0.1,125,1,7.3,28,2,16333.3333333333
2015,11,86,-22.7613888888889,-47.1766666666667,40,0.2,239,0.9,7.4,35,3,108333.333333333
2015,11,627,-22.6597222222222,-47.2758333333333,20,0.1,60.4,1,6.6,16,2,65
2015,11,1342,-22.4527777777778,-47.52,16,0.5,46,3,6.2,13,3,333.333333333333
2015,11,1410,-22.9277777777778,-46.4241666666667,13.6,0.22,109.3,1.85,7.47,13.2,3,26.6666666666667
2015,11,1945,-22.4091666666667,-47.5402777777778,19,0.1,67.1,2,6.4,22,5,473.333333333333
2015,11,1946,-22.3247222222222,-47.5588888888889,14,0.1,46.3,1,6.9,14,2,2500
2015,11,2377,-23.2097222222222,-46.3861111111111,13.1,0.1,52,0.36,7.16,9.61,3,35
2015,11,2383,-23.0336111111111,-46.29,12.6,0.1,45,0.83,7.41,10.7,3,1.66666666666667
2015,11,2401,-22.9711111111111,-46.4008333333333,13.1,0.1,46.8,0.49,7.2,11.8,3,11.6666666666667
2015,12,66,-23.0061111111111,-47.1,60,0.1,205,2,7.2,51,8,10666.6666666667
2015,12,71,-23.2083333333333,-46.7686111111111,43,0.1,122,2,7.2,36,7,950000
2015,12,82,-23.1583333333333,-46.9094444444444,38,0.1,102,0.5,7.2,32,2,163.333333333333
2015,12,274,-23.2619444444444,-47.0577777777778,22,0.1,62,2,6.9,21,2,583.333333333333
2015,12,320,-23.1830555555556,-47.2438888888889,24,0.1,115,1,7.2,28,2,366.666666666667
2015,12,1410,-22.9277777777778,-46.4241666666667,12.6,0.25,55,1.84,7.85,14.3,3,65
2015,12,1947,-23.1641666666667,-47.015,34,0.1,90,2,7,32,5,11000
2015,12,2377,-23.2097222222222,-46.3861111111111,13.7,0.1,90.8,0.25,8.44,9.92,3,38.3333333333333
2015,12,2383,-23.0336111111111,-46.29,12.6,0.1,46,0.43,8.31,10.7,3,3.33333333333333
2015,12,2401,-22.9711111111111,-46.4008333333333,12.6,0.1,46.9,0.41,8.65,12.1,3,11.6666666666667
2016,1,27,-23.1033333333333,-46.545,22,0.8,69,2,6.7,19,2,4500
2016,1,29,-22.9691666666667,-46.8477777777778,29,0.2,87,2,6.8,25,2,6166.66666666667
2016,1,30,-22.9377777777778,-46.9336111111111,23,0.1,74,2,6.8,20,2,5833.33333333333
2016,1,32,-22.9083333333333,-46.5436111111111,27,0.1,73,3,6.5,21,2,866.666666666667
2016,1,34,-22.7466666666667,-46.8977777777778,28,0.2,94,2,7.4,24,2,21666.6666666667
2016,1,35,-22.7122222222222,-46.9713888888889,32,0.5,110,3,7.3,26,2,58333.3333333333
2016,1,37,-22.6988888888889,-47.1519444444444,29,0.9,112,4,7.2,30,2,9000
2016,1,38,-22.6622222222222,-47.2777777777778,21,3,77.1,7,6.5,22,2,6500
2016,1,40,-22.7025,-46.7494444444444,22,0.1,64,2,7.2,19,2,21666.6666666667
2016,1,43,-22.7108333333333,-47.3227777777778,27,2,118,6,6.6,27,2,8000
2016,1,48,-22.7122222222222,-47.6494444444444,28,1,123,6,6.6,30,3,46666.6666666667
2016,1,54,-22.6336111111111,-47.6827777777778,37,0.3,162,3,6.8,59,2,13500
2016,1,83,-22.905,-46.9738888888889,31,0.1,109,2,6.9,29,2,9000
2016,1,86,-22.7613888888889,-47.1766666666667,42,0.1,263,2,7,36,3,106666.666666667
2016,1,627,-22.6597222222222,-47.2758333333333,18,2,63.6,4,6.5,19,2,276.666666666667
2016,1,1342,-22.4527777777778,-47.52,24,0.3,53.5,2,6.4,20,2,148.333333333333
2016,1,1410,-22.9277777777778,-46.4241666666667,11.5,0.62,45,4.11,6.99,11.2,3,128.333333333333
2016,1,1945,-22.4091666666667,-47.5402777777778,28,0.3,71.7,3,6.4,27,2,320
2016,1,1946,-22.3247222222222,-47.5588888888889,16,0.3,48.3,18,6.6,21,2,18333.3333333333
2016,1,2377,-23.2097222222222,-46.3861111111111,12.1,0.1,71,0.33,7.42,11.2,3,30
2016,1,2383,-23.0336111111111,-46.29,11.5,0.1,41,0.48,8.56,10.9,3,3.33333333333333
2016,1,2401,-22.9711111111111,-46.4008333333333,12.6,0.1,46,0.83,7.23,13,3,1.66666666666667
2016,2,66,-23.0061111111111,-47.1,86,0.1,305,2,7,68,5,1500
2016,2,71,-23.2083333333333,-46.7686111111111,30,0.8,85,14,7.2,34,6,266666.666666667
2016,2,82,-23.1583333333333,-46.9094444444444,45,0.1,106,0.8,7.1,38,2,135
2016,2,274,-23.2619444444444,-47.0577777777778,21,0.1,57,2,6.9,19,2,1266.66666666667
2016,2,320,-23.1830555555556,-47.2438888888889,24,0.3,103,1,7.1,25,2,333.333333333333
2016,2,1947,-23.1641666666667,-47.015,30,0.3,83,2,7,29,2,4333.33333333333
2016,3,1410,-22.9277777777778,-46.4241666666667,10.3,1.29,40,3.48,6.57,9.89,3,5433.33333333333
2016,3,2377,-23.2097222222222,-46.3861111111111,11.3,0.1,36,0.21,6.29,11,3,36.6666666666667
2016,3,2383,-23.0336111111111,-46.29,9.72,0.1,31,0.48,7.22,8.67,3,30
2016,3,2401,-22.9711111111111,-46.4008333333333,13,0.15,42,0.48,6.45,11.1,3,8.33333333333333
2016,5,27,-23.1033333333333,-46.545,24,0.1,77,2,7,18,2,450
2016,5,29,-22.9691666666667,-46.8477777777778,29,0.1,90,1,7.1,24,2,2500
2016,5,30,-22.9377777777778,-46.9336111111111,25,0.3,84,1,7.1,21,2,1366.66666666667
2016,5,32,-22.9083333333333,-46.5436111111111,18,0.1,56,2,6.9,15,9,211.666666666667
2016,5,34,-22.7466666666667,-46.8977777777778,24,0.1,95,1,7.2,24,2,6333.33333333333
2016,5,35,-22.7122222222222,-46.9713888888889,28,0.1,114,1,7.1,26,2,33333.3333333333
2016,5,37,-22.6988888888889,-47.1519444444444,31,0.1,131,1,7,28,2,516.666666666667
2016,5,38,-22.6622222222222,-47.2777777777778,29,0.1,124,1,6.9,25,2,10833.3333333333
2016,5,40,-22.7025,-46.7494444444444,23,0.1,69,2,7.1,19,2,26666.6666666667
2016,5,43,-22.7108333333333,-47.3227777777778,35,0.1,186,0.8,6.6,29,2,1333.33333333333
2016,5,48,-22.7122222222222,-47.6494444444444,60,0.1,278,0.8,6.8,37,3,8000
2016,5,54,-22.6336111111111,-47.6827777777778,31,0.1,141,2,6.9,43,4,11500
2016,5,83,-22.905,-46.9738888888889,38,0.1,130,2,6.9,30,2,13833.3333333333
2016,5,86,-22.7613888888889,-47.1766666666667,54,0.1,393,1,7.3,41,3,113333.333333333
2016,5,627,-22.6597222222222,-47.2758333333333,13,0.1,46.2,1,6.6,13,2,250
2016,5,1342,-22.4527777777778,-47.52,18,0.1,47.5,1,6.3,14,2,241.666666666667
2016,5,1410,-22.9277777777778,-46.4241666666667,14,0.16,41,1.02,6.71,11.8,3,3.33333333333333
2016,5,1945,-22.4091666666667,-47.5402777777778,20,0.1,58.9,2,6.6,19,2,833.333333333333
2016,5,1946,-22.3247222222222,-47.5588888888889,13,0.1,44.3,0.7,6.7,13,4,7333.33333333333
2016,5,2377,-23.2097222222222,-46.3861111111111,12,0.1,38,0.34,5.82,10.1,3,1.66666666666667
2016,5,2383,-23.0336111111111,-46.29,14.8,0.29,46,1.05,6.95,13.8,3,21.6666666666667
2016,5,2401,-22.9711111111111,-46.4008333333333,16.1,0.1,45,0.66,6.49,14.8,3,1.66666666666667
2016,6,66,-23.0061111111111,-47.1,30,0.2,100,24,6.9,37,3,116666.666666667
2016,6,71,-23.2083333333333,-46.7686111111111,35,0.1,105,1,7.3,27,2,23333.3333333333
2016,6,82,-23.1583333333333,-46.9094444444444,34,0.6,96,2,7.5,33,2,103.333333333333
2016,6,274,-23.2619444444444,-47.0577777777778,14,0.2,48,0.8,7,15,2,500
2016,6,320,-23.1830555555556,-47.2438888888889,17,2,82,2,7.1,18,2,273.333333333333
2016,6,1947,-23.1641666666667,-47.015,27,0.1,73,1,7.3,24,2,2166.66666666667
2016,7,27,-23.1033333333333,-46.545,24,0.1,74,2,6.8,18,2,1066.66666666667
2016,7,29,-22.9691666666667,-46.8477777777778,26,0.2,81,2,7,21,2,866.666666666667
2016,7,30,-22.9377777777778,-46.9336111111111,21,0.5,73,1,7.1,16,2,3333.33333333333
2016,7,32,-22.9083333333333,-46.5436111111111,18,0.2,55,2,6.5,14,3,125
2016,7,34,-22.7466666666667,-46.8977777777778,22,0.1,91,0.8,7.1,18,2,11666.6666666667
2016,7,35,-22.7122222222222,-46.9713888888889,24,0.1,95,1,7,21,2,6333.33333333333
2016,7,37,-22.6988888888889,-47.1519444444444,28,0.1,122,1,6.9,24,3,583.333333333333
2016,7,38,-22.6622222222222,-47.2777777777778,28,0.3,116,1,7.2,23,2,3333.33333333333
2016,7,40,-22.7025,-46.7494444444444,21,0.3,62,1,7.1,17,2,9000
2016,7,43,-22.7108333333333,-47.3227777777778,27,0.4,129,1,6.7,24,2,850
2016,7,48,-22.7122222222222,-47.6494444444444,46,0.2,210,1,6.6,30,3,40000
2016,7,54,-22.6336111111111,-47.6827777777778,32,0.1,146,1,7.4,38,2,3833.33333333333
2016,7,83,-22.905,-46.9738888888889,33,0.3,110,2,7.1,25,5,16666.6666666667
2016,7,86,-22.7613888888889,-47.1766666666667,45,0.1,304,1,7.2,33,9,43333.3333333333
2016,7,627,-22.6597222222222,-47.2758333333333,12,0.1,47.4,1,6.7,13,2,81.6666666666667
2016,7,1342,-22.4527777777778,-47.52,17,0.1,40.2,1,6.5,14,2,146.666666666667
2016,7,1410,-22.9277777777778,-46.4241666666667,11.8,0.33,36,1.58,7.56,9.61,3,11.6666666666667
2016,7,1945,-22.4091666666667,-47.5402777777778,21,0.1,55.2,2,6.9,18,2,300
2016,7,1946,-22.3247222222222,-47.5588888888889,12,0.2,45.8,1,6.9,13,2,8166.66666666667
2016,7,2377,-23.2097222222222,-46.3861111111111,13.1,0.1,40,0.49,6.72,9.85,3,14500
2016,7,2383,-23.0336111111111,-46.29,12.7,0.1,39,0.3,7.07,10.1,3,15
2016,7,2401,-22.9711111111111,-46.4008333333333,12.8,0.1,42,0.29,6.88,11.4,3,3.33333333333333
2016,8,66,-23.0061111111111,-47.1,77,0.1,274,2,7.3,56,11,3333.33333333333
2016,8,71,-23.2083333333333,-46.7686111111111,35,0.5,105,1,7,28,2,13166.6666666667
2016,8,82,-23.1583333333333,-46.9094444444444,36,0.2,97,0.4,7.3,32,2,300
2016,8,274,-23.2619444444444,-47.0577777777778,14,0.1,41,0.7,7,13,2,180
2016,8,320,-23.1830555555556,-47.2438888888889,17,0.1,87,1,7,18,2,420
2016,8,1947,-23.1641666666667,-47.015,28,0.1,74,2,7.2,26,2,683.333333333333
2016,11,27,-23.1033333333333,-46.545,24,0.4,71,7,6.9,19,3,18333.3333333333
2016,11,29,-22.9691666666667,-46.8477777777778,27,0.2,86,2,7,24,2,10166.6666666667
2016,11,30,-22.9377777777778,-46.9336111111111,20,0.4,65,2,7,16,2,866.666666666667
2016,11,32,-22.9083333333333,-46.5436111111111,21,0.4,63,3,6.7,19,7,550
2016,11,34,-22.7466666666667,-46.8977777777778,19,0.1,80,1,7.1,18,2,13333.3333333333
2016,11,35,-22.7122222222222,-46.9713888888889,22,0.1,93,2,7,20,2,11666.6666666667
2016,11,37,-22.6988888888889,-47.1519444444444,27,0.1,115,2,7,22,2,450
2016,11,38,-22.6622222222222,-47.2777777777778,27,0.5,111,3,6.7,20,2,16666.6666666667
2016,11,40,-22.7025,-46.7494444444444,25,0.6,70,2,7.1,20,2,18333.3333333333
2016,11,43,-22.7108333333333,-47.3227777777778,31,0.5,176,2,6.7,25,2,1633.33333333333
2016,11,48,-22.7122222222222,-47.6494444444444,50,0.2,256,2,7,34,2,16333.3333333333
2016,11,54,-22.6336111111111,-47.6827777777778,18,0.4,75.7,12,6.7,26,3,18333.3333333333
2016,11,83,-22.905,-46.9738888888889,35,0.3,129,3,7,29,4,13500
2016,11,86,-22.7613888888889,-47.1766666666667,44,0.3,356,2,7,35,5,3000
2016,11,627,-22.6597222222222,-47.2758333333333,16,0.3,55.3,2,6.6,16,2,183.333333333333
2016,11,1342,-22.4527777777778,-47.52,22,0.1,51.8,2,6.7,18,2,383.333333333333
2016,11,1410,-22.9277777777778,-46.4241666666667,13.5,0.3,45,0.57,8.48,11.9,3,5
2016,11,1945,-22.4091666666667,-47.5402777777778,25,0.8,68,2,6.9,23,2,716.666666666667
2016,11,1946,-22.3247222222222,-47.5588888888889,27,0.7,77.4,5,6.7,30,2,3500
2016,11,2377,-23.2097222222222,-46.3861111111111,13.8,0.1,127,0.12,7.31,11.5,3,5
2016,11,2383,-23.0336111111111,-46.29,14.3,0.1,45,0.27,9.35,13.3,4,13.3333333333333
2016,11,2401,-22.9711111111111,-46.4008333333333,13.7,0.1,43,0.11,7.68,12.2,3,3.33333333333333
2016,12,66,-23.0061111111111,-47.1,58,0.8,194,14,7.2,57,5,35000
2016,12,71,-23.2083333333333,-46.7686111111111,30,0.2,87,16,7.3,31,9,550000
2016,12,82,-23.1583333333333,-46.9094444444444,37,0.1,99,0.4,8.5,32,2,966.666666666667
2016,12,274,-23.2619444444444,-47.0577777777778,17,0.1,53,1,6.7,15,2,46666.6666666667
2016,12,320,-23.1830555555556,-47.2438888888889,18,0.4,75,4,6.8,17,2,933.333333333333
2016,12,1947,-23.1641666666667,-47.015,29,0.2,75,6,7,25,2,7000
2017,1,27,-23.1033333333333,-46.545,30,0.1,87,3,6.9,24,2,293.333333333333
2017,1,29,-22.9691666666667,-46.8477777777778,29,1,86,2,7.1,26,2,7000
2017,1,30,-22.9377777777778,-46.9336111111111,22,0.5,70,2,7.2,18,2,850
2017,1,32,-22.9083333333333,-46.5436111111111,27,0.2,70,4,6.6,23,2,246.666666666667
2017,1,34,-22.7466666666667,-46.8977777777778,23,0.3,75,2,7.2,22,2,13666.6666666667
2017,1,35,-22.7122222222222,-46.9713888888889,25,0.2,80,3,7.1,24,2,5833.33333333333
2017,1,37,-22.6988888888889,-47.1519444444444,29,0.4,96,3,7,26,2,1366.66666666667
2017,1,38,-22.6622222222222,-47.2777777777778,25,0.6,107,3,6.8,24,2,7666.66666666667
2017,1,40,-22.7025,-46.7494444444444,27,0.2,75,4,7.4,24,2,31666.6666666667
2017,1,43,-22.7108333333333,-47.3227777777778,24,0.6,98.9,4,6.8,23,2,7333.33333333333
2017,1,48,-22.7122222222222,-47.6494444444444,51,0.3,238,11,6.9,39,3,68333.3333333333
2017,1,54,-22.6336111111111,-47.6827777777778,30,0.1,150,2,7,41,2,1333.33333333333
2017,1,83,-22.905,-46.9738888888889,31,0.2,115,3,7.2,30,2,11000
2017,1,86,-22.7613888888889,-47.1766666666667,39,0.4,330,3,7.1,36,5,166666.666666667
2017,1,627,-22.6597222222222,-47.2758333333333,16,0.3,51.5,3,6.4,17,2,220
2017,1,1342,-22.4527777777778,-47.52,18,0.4,45.6,4,6.6,17,2,516.666666666667
2017,1,1410,-22.9277777777778,-46.4241666666667,20,0.1,49,0.24,9.73,10.5,4,11.6666666666667
2017,1,1945,-22.4091666666667,-47.5402777777778,20,0.6,60.7,5,6.8,23,2,3333.33333333333
2017,1,1946,-22.3247222222222,-47.5588888888889,16,0.2,49.9,3,6.8,17,2,18333.3333333333
2017,1,2377,-23.2097222222222,-46.3861111111111,14.6,0.1,48,0.11,6.9,10.7,3,11.6666666666667
2017,1,2383,-23.0336111111111,-46.29,14.3,0.15,48,0.35,9.47,11.2,3,1.66666666666667
2017,1,2401,-22.9711111111111,-46.4008333333333,20.9,0.1,49,0.14,9.68,11,4,1.66666666666667
2017,2,66,-23.0061111111111,-47.1,55,0.1,171,7,7.3,59,5,35000
2017,2,71,-23.2083333333333,-46.7686111111111,39,0.1,102,3,7.2,35,2,41666.6666666667
2017,2,82,-23.1583333333333,-46.9094444444444,39,0.3,96,1,9.3,37,2,16.6666666666667
2017,2,274,-23.2619444444444,-47.0577777777778,17,0.1,50,2,7,20,3,1016.66666666667
2017,2,320,-23.1830555555556,-47.2438888888889,22,0.3,74,3,6.8,22,3,633.333333333333
2017,2,1947,-23.1641666666667,-47.015,28,0.1,75,3,7,28,4,1500
2017,5,27,-23.1033333333333,-46.545,24,0.1,74,2,6.9,19,2,4333.33333333333
2017,5,29,-22.9691666666667,-46.8477777777778,36,0.1,119,3,7,26,8,583333.333333333
2017,5,30,-22.9377777777778,-46.9336111111111,20,0.3,68,1,7.2,18,2,5500
2017,5,32,-22.9083333333333,-46.5436111111111,20,0.1,58,2,6.9,17,2,366.666666666667
2017,5,34,-22.7466666666667,-46.8977777777778,19,0.2,76,1,7,18,2,12166.6666666667
2017,5,35,-22.7122222222222,-46.9713888888889,24,0.2,100,2,7,23,4,4166.66666666667
2017,5,37,-22.6988888888889,-47.1519444444444,26,0.1,118,2,7,25,3,800
2017,5,38,-22.6622222222222,-47.2777777777778,18,0.7,74.5,10,6.9,21,3,14333.3333333333
2017,5,40,-22.7025,-46.7494444444444,14,0.7,50,17,7.3,17,3,85000
2017,5,43,-22.7108333333333,-47.3227777777778,24,0.7,145,3,6.9,25,4,6833.33333333333
2017,5,48,-22.7122222222222,-47.6494444444444,41,0.1,229,1,7.1,33,3,18333.3333333333
2017,5,54,-22.6336111111111,-47.6827777777778,15,0.3,115,3,7.4,40,2,13000
2017,5,83,-22.905,-46.9738888888889,27,0.3,99,2,7.3,25,3,5500
2017,5,86,-22.7613888888889,-47.1766666666667,52,0.2,310,5,7.5,36,14,4833.33333333333
2017,5,627,-22.6597222222222,-47.2758333333333,11,0.5,47.5,8,6.3,16,2,8000
2017,5,1342,-22.4527777777778,-47.52,18,0.2,45.3,2,6.7,16,2,266.666666666667
2017,5,1410,-22.9277777777778,-46.4241666666667,13,0.1,39,0.3,8.68,12.5,3,5
2017,5,1945,-22.4091666666667,-47.5402777777778,19,0.2,57.5,3,6.6,20,2,453.333333333333
2017,5,1946,-22.3247222222222,-47.5588888888889,15,1,50.5,2,7.1,18,2,2166.66666666667
2017,5,2377,-23.2097222222222,-46.3861111111111,12,0.1,50,0.48,6.98,10.6,3,15
2017,5,2383,-23.0336111111111,-46.29,15.2,0.1,42,0.45,7.76,11.6,3,6.66666666666667
2017,5,2401,-22.9711111111111,-46.4008333333333,15,0.1,41,0.4,6.82,12.6,3,6.66666666666667
2017,6,66,-23.0061111111111,-47.1,68,0.1,239,2,7.4,56,4,2000
2017,6,71,-23.2083333333333,-46.7686111111111,32,0.1,93,2,7.3,27,2,26666.6666666667
2017,6,82,-23.1583333333333,-46.9094444444444,38,0.2,95,0.3,7.1,34,2,3.33333333333333
2017,6,274,-23.2619444444444,-47.0577777777778,14,0.1,43,0.7,7,14,2,466.666666666667
2017,6,320,-23.1830555555556,-47.2438888888889,18,0.4,81,2,7.1,18,2,226.666666666667
2017,6,1947,-23.1641666666667,-47.015,27,0.1,73,2,7.4,26,2,1450
2017,7,27,-23.1033333333333,-46.545,18,0.1,63,1,6.9,14,2,933.333333333333
2017,7,29,-22.9691666666667,-46.8477777777778,24,0.1,83,0.7,7,21,4,2000
2017,7,30,-22.9377777777778,-46.9336111111111,18,0.1,69,1,6.9,15,2,1083.33333333333
2017,7,32,-22.9083333333333,-46.5436111111111,16,0.1,48,1,7.1,13,3,326.666666666667
2017,7,34,-22.7466666666667,-46.8977777777778,18,0.1,91,0.7,7.2,19,3,18333.3333333333
2017,7,35,-22.7122222222222,-46.9713888888889,22,0.1,111,0.9,7.2,21,3,2000
2017,7,37,-22.6988888888889,-47.1519444444444,24,0.1,143,1,7.1,27,3,433.333333333333
2017,7,38,-22.6622222222222,-47.2777777777778,26,0.1,129,0.9,7,24,3,1633.33333333333
2017,7,40,-22.7025,-46.7494444444444,22,0.1,64,1,7.3,17,2,10333.3333333333
2017,7,43,-22.7108333333333,-47.3227777777778,29,0.1,185,0.5,6.8,30,4,500
2017,7,48,-22.7122222222222,-47.6494444444444,61,0.1,291,0.8,7.2,34,6,3500
2017,7,54,-22.6336111111111,-47.6827777777778,28,0.1,122,1,7,33,5,2833.33333333333
2017,7,83,-22.905,-46.9738888888889,31,0.1,130,1,6.8,27,3,8000
2017,7,86,-22.7613888888889,-47.1766666666667,43,0.1,222,1,7.3,35,5,2833.33333333333
2017,7,627,-22.6597222222222,-47.2758333333333,11,0.3,45,1,6.7,12,2,66.6666666666667
2017,7,1342,-22.4527777777778,-47.52,18,0.1,43.3,1,7.6,15,2,123.333333333333
2017,7,1410,-22.9277777777778,-46.4241666666667,16.7,0.1,42,0.29,7.86,11.2,3,1.66666666666667
2017,7,1945,-22.4091666666667,-47.5402777777778,18,0.1,52.6,1,6.8,18,3,153.333333333333
2017,7,1946,-22.3247222222222,-47.5588888888889,12,0.1,43.6,1,7,13,2,2666.66666666667
2017,7,2377,-23.2097222222222,-46.3861111111111,16.7,0.1,42,1.08,6.55,10.7,3,3.33333333333333
2017,7,2383,-23.0336111111111,-46.29,16.7,0.1,42,0.48,6.75,12.1,3,8.33333333333333
2017,7,2401,-22.9711111111111,-46.4008333333333,15.6,0.1,45,0.69,6.69,12,3,1.66666666666667
2017,8,66,-23.0061111111111,-47.1,98,0.1,317,2,7.4,62,6,41666.6666666667
2017,8,71,-23.2083333333333,-46.7686111111111,31,0.2,90,3,6.8,26,6,16666.6666666667
2017,8,82,-23.1583333333333,-46.9094444444444,38,0.1,95,0.3,7.3,31,2,1.66666666666667
2017,8,274,-23.2619444444444,-47.0577777777778,16,0.1,43,0.7,7.2,13,2,226.666666666667
2017,8,320,-23.1830555555556,-47.2438888888889,17,0.1,92,0.8,7.2,19,2,406.666666666667
2017,8,1947,-23.1641666666667,-47.015,28,0.1,78,1,7.3,21,2,9166.66666666667
2017,11,27,-23.1033333333333,-46.545,29,0.5,77.7,3,6.8,23,9,7500
2017,11,29,-22.9691666666667,-46.8477777777778,26,0.8,76.2,3,7.3,23,2,73333.3333333333
2017,11,30,-22.9377777777778,-46.9336111111111,23,0.5,74.9,3,7.2,22,4,3833.33333333333
2017,11,32,-22.9083333333333,-46.5436111111111,17,0.4,50.6,2,6.9,14,3,1166.66666666667
2017,11,34,-22.7466666666667,-46.8977777777778,22,0.5,81.6,2,7.2,20,4,11166.6666666667
2017,11,35,-22.7122222222222,-46.9713888888889,24,0.7,88.2,3,7.1,22,5,23333.3333333333
2017,11,37,-22.6988888888889,-47.1519444444444,24,0.7,91,4,7,23,4,6166.66666666667
2017,11,38,-22.6622222222222,-47.2777777777778,26,0.2,133,0.7,7,22,4,5333.33333333333
2017,11,40,-22.7025,-46.7494444444444,21,0.5,57,5,7.1,18,2,23333.3333333333
2017,11,43,-22.7108333333333,-47.3227777777778,30,0.2,190,2,6.8,26,3,3333.33333333333
2017,11,48,-22.7122222222222,-47.6494444444444,57,0.1,295,1,7.1,38,8,8833.33333333333
2017,11,54,-22.6336111111111,-47.6827777777778,17,0.7,92.4,9,6.8,28,6,12500
2017,11,83,-22.905,-46.9738888888889,27,0.5,90.6,5,7.1,26,4,36666.6666666667
2017,11,86,-22.7613888888889,-47.1766666666667,30,0.3,193.8,5,7.2,31,5,12000
2017,11,627,-22.6597222222222,-47.2758333333333,14,0.6,53.1,1,6.8,13,3,200
2017,11,1342,-22.4527777777778,-47.52,21,0.3,52.3,3,7,23,2,243.333333333333
2017,11,1410,-22.9277777777778,-46.4241666666667,15.3,0.3,46,0.38,8.03,13.1,3,3.33333333333333
2017,11,1945,-22.4091666666667,-47.5402777777778,23,0.5,66,4,6.8,18,2,533.333333333333
2017,11,1946,-22.3247222222222,-47.5588888888889,13,0.3,49.4,4,6.7,15,3,8166.66666666667
2017,11,2377,-23.2097222222222,-46.3861111111111,15.3,0.3,38,0.21,7.6,12.6,3,1.66666666666667
2017,11,2383,-23.0336111111111,-46.29,16.4,0.3,40,0.29,7.05,12.8,3,1.66666666666667
2017,11,2401,-22.9711111111111,-46.4008333333333,16.4,0.3,41,0.21,7.8,12.7,3,1.66666666666667
2017,12,66,-23.0061111111111,-47.1,94,0.1,285.9,2,7.5,63,8,611.666666666667
2017,12,71,-23.2083333333333,-46.7686111111111,39,0.1,101.7,0.3,7.6,3,2,21666.6666666667
2017,12,82,-23.1583333333333,-46.9094444444444,35,0.1,88.9,0.3,8.3,31,2,56.6666666666667
2017,12,274,-23.2619444444444,-47.0577777777778,18,0.1,45,1,7,16,2,186.666666666667
2017,12,320,-23.1830555555556,-47.2438888888889,21,0.2,115,1,7.2,22,2,393.333333333333
2017,12,1947,-23.1641666666667,-47.015,33,0.1,78.7,1,7.6,124,2,733.333333333333
